{"cameraMode":{"drawMode":0,"name":"Shaded","section":"Shading Mode"},"sceneLighting":false,"audioPlay":false,"sceneViewState":{"showFog":true,"showMaterialUpdate":false,"showSkybox":false,"showFlares":true,"showImageEffects":true,"showParticleSystems":true},"in2DMode":false,"pivot":{"x":0.49315690994262698,"y":1.313122272491455,"z":0.2777886390686035},"rotation":{"x":-0.10504467040300369,"y":0.03638644516468048,"z":-0.003846042091026902,"w":-0.9937964677810669},"size":1.6007810831069947,"orthographic":false}