{"cameraMode":{"drawMode":0,"name":"Shaded","section":"Shading Mode"},"sceneLighting":false,"audioPlay":false,"sceneViewState":{"showFog":true,"showMaterialUpdate":false,"showSkybox":false,"showFlares":true,"showImageEffects":true,"showParticleSystems":true},"in2DMode":false,"pivot":{"x":0.2500573992729187,"y":1.028976321220398,"z":-0.7259551286697388},"rotation":{"x":-0.04751855507493019,"y":0.17793385684490205,"z":-0.008602258749306202,"w":-0.9828583598136902},"size":0.9339749217033386,"orthographic":false}