{"cameraMode":{"drawMode":0,"name":"Shaded","section":"Shading Mode"},"sceneLighting":false,"audioPlay":false,"sceneViewState":{"showFog":true,"showMaterialUpdate":false,"showSkybox":false,"showFlares":true,"showImageEffects":true,"showParticleSystems":true},"in2DMode":false,"pivot":{"x":-6.384978294372559,"y":5.847039222717285,"z":5.189635276794434},"rotation":{"x":-0.21991950273513795,"y":0.3962803781032562,"z":-0.09836756438016892,"w":-0.8859599828720093},"size":0.5660253763198853,"orthographic":false}