{"cameraMode":{"drawMode":0,"name":"Shaded","section":"Shading Mode"},"sceneLighting":true,"audioPlay":false,"sceneViewState":{"showFog":true,"showMaterialUpdate":false,"showSkybox":true,"showFlares":true,"showImageEffects":true,"showParticleSystems":true},"in2DMode":false,"pivot":{"x":0.7696771025657654,"y":1.882508397102356,"z":-0.0479356050491333},"rotation":{"x":-0.10511156916618347,"y":0.008052336983382702,"z":-0.0008511232445016503,"w":-0.9944297075271606},"size":5.193492889404297,"orthographic":false}